condition,affect_mode,seed,affect_appraisals,affect_control_final,affect_unease_final,affect_valence_final,biased_goal_selections,completed,decisions,died,distinct_goals,distinct_routines,distinct_skills,effect_evidence,effect_evidence_admitted,elapsed_ticks,emergencies,exploration_bonus_decisions,exploring_decisions,failures,food_lost,glances,goal_switches,health_lost,hunger_crises,hypotheses_proposed,hypotheses_rejected,investigation_trials,investigations_concluded,investigations_interrupted,investigations_started,kernel_rejections,kernel_replacements,max_abs_affect_bias,mean_decisions_to_recover,projects_abandoned,projects_completed,projects_interrupted,projects_resumed,projects_started,repeated_failures,safety_overrides,searches_exhausted,searches_started,setbacks,successes,unrecovered_setbacks
P0,off,1,0,0,0,0,0,1,60,0,4,8,12,78,22,2982,5,15,15,9,1,39,11,0,1,0,0,0,0,0,0,0,1,0,1.5714,0,0,0,0,0,3,5,4,8,9,51,2
P0,off,2,0,0,0,0,0,1,60,0,4,6,8,67,9,2574,5,8,8,10,0,42,11,3,1,0,0,0,0,0,0,0,3,0,1.5,0,0,0,0,0,2,5,5,7,10,50,0
P0,off,3,0,0,0,0,0,1,60,0,4,8,12,78,22,2994,5,16,16,10,1,38,11,0,1,0,0,0,0,0,0,0,1,0,1.5714,0,0,0,0,0,4,5,4,8,10,50,3
P0,off,4,0,0,0,0,0,1,60,0,6,10,12,77,17,4488,4,12,12,6,5,39,13,5,3,0,0,0,0,0,0,0,1,0,1.5714,0,1,1,1,2,3,4,6,13,7,54,0
P0,off,5,0,0,0,0,0,1,60,0,8,11,13,82,29,3588,5,14,14,5,2,39,12,0,2,1,0,0,0,0,0,0,1,0,1.2,0,1,0,0,2,0,5,4,9,5,55,0
P0,off,6,0,0,0,0,0,1,60,0,4,8,9,73,15,3308,5,9,9,8,2,44,8,4,1,0,0,0,0,0,0,0,1,0,1.5556,0,0,0,0,0,3,5,4,8,9,52,0
P0,off,7,0,0,0,0,0,1,60,0,5,13,13,90,28,11568,4,19,19,13,19,22,10,2,2,1,0,0,0,0,0,0,0,0,1.7143,0,0,0,0,0,3,4,2,6,14,47,0
P0,off,8,0,0,0,0,0,1,60,0,4,8,12,78,22,3002,5,15,15,10,1,38,11,0,1,0,0,0,0,0,0,0,1,0,1.5714,0,0,0,0,0,4,5,4,8,10,50,3
P0,off,9,0,0,0,0,0,1,60,0,5,11,12,84,28,4196,5,15,15,11,4,37,10,3,1,0,0,0,0,0,0,0,1,0,1.6667,0,0,0,0,0,5,5,4,7,12,49,0
P0,off,10,0,0,0,0,0,1,60,0,5,11,12,84,28,4188,5,15,15,11,4,37,10,3,1,0,0,0,0,0,0,0,1,0,1.6667,0,0,0,0,0,5,5,4,7,12,49,0
P1,record_only,1,42,-0.5914,0.3033,-0.3405,0,1,60,0,4,8,12,78,22,2982,5,15,15,9,1,39,11,0,1,0,0,0,0,0,0,0,1,0,1.5714,0,0,0,0,0,3,5,4,8,9,51,2
P1,record_only,2,41,-0.9642,0.5581,-0.9478,0,1,60,0,4,6,8,67,9,2574,5,8,8,10,0,42,11,3,1,0,0,0,0,0,0,0,3,0,1.5,0,0,0,0,0,2,5,5,7,10,50,0
P1,record_only,3,44,-0.6981,0.3525,-0.4616,0,1,60,0,4,8,12,78,22,2994,5,16,16,10,1,38,11,0,1,0,0,0,0,0,0,0,1,0,1.5714,0,0,0,0,0,4,5,4,8,10,50,3
P1,record_only,4,50,-0.1303,0.1348,0.0971,0,1,60,0,6,10,12,77,17,4488,4,12,12,6,5,39,13,5,3,0,0,0,0,0,0,0,1,0,1.5714,0,1,1,1,2,3,4,6,13,7,54,0
P1,record_only,5,48,-0.0611,0.2831,0.3949,0,1,60,0,8,11,13,82,29,3588,5,14,14,5,2,39,12,0,2,1,0,0,0,0,0,0,1,0,1.2,0,1,0,0,2,0,5,4,9,5,55,0
P1,record_only,6,51,-0.3224,0.4482,0.3027,0,1,60,0,4,8,9,73,15,3308,5,9,9,8,2,44,8,4,1,0,0,0,0,0,0,0,1,0,1.5556,0,0,0,0,0,3,5,4,8,9,52,0
P1,record_only,7,52,-1,0.002,-1,0,1,60,0,5,13,13,90,28,11568,4,19,19,13,19,22,10,2,2,1,0,0,0,0,0,0,0,0,1.7143,0,0,0,0,0,3,4,2,6,14,47,0
P1,record_only,8,46,-0.6977,0.3667,-0.4613,0,1,60,0,4,8,12,78,22,3002,5,15,15,10,1,38,11,0,1,0,0,0,0,0,0,0,1,0,1.5714,0,0,0,0,0,4,5,4,8,10,50,3
P1,record_only,9,60,-0.3284,0.3807,0.3609,0,1,60,0,5,11,12,84,28,4196,5,15,15,11,4,37,10,3,1,0,0,0,0,0,0,0,1,0,1.6667,0,0,0,0,0,5,5,4,7,12,49,0
P1,record_only,10,60,-0.3285,0.3825,0.361,0,1,60,0,5,11,12,84,28,4188,5,15,15,11,4,37,10,3,1,0,0,0,0,0,0,0,1,0,1.6667,0,0,0,0,0,5,5,4,7,12,49,0
P2,active,1,42,-0.5914,0.3033,-0.3405,58,1,60,0,4,8,12,78,22,2982,5,15,15,9,1,39,11,0,1,0,0,0,0,0,0,0,1,25,1.5714,0,0,0,0,0,3,5,4,8,9,51,2
P2,active,2,41,-0.9642,0.5581,-0.9478,58,1,60,0,4,6,8,67,9,2574,5,8,8,10,0,42,11,3,1,0,0,0,0,0,0,0,3,25,1.5,0,0,0,0,0,2,5,5,7,10,50,0
P2,active,3,44,-0.6981,0.3525,-0.4616,58,1,60,0,4,8,12,78,22,2994,5,16,16,10,1,38,11,0,1,0,0,0,0,0,0,0,1,25,1.5714,0,0,0,0,0,4,5,4,8,10,50,3
P2,active,4,53,-0.8726,0.0298,-0.9492,52,1,60,0,7,9,12,71,11,8016,5,11,11,8,14,31,11,3,3,0,0,0,0,0,0,0,1,23.014,1.625,1,1,0,0,2,4,5,6,7,8,52,0
P2,active,5,48,-0.0611,0.2831,0.3949,57,1,60,0,8,11,13,82,29,3588,5,14,14,5,2,39,12,0,2,1,0,0,0,0,0,0,1,25,1.2,0,1,0,0,2,0,5,4,9,5,55,0
P2,active,6,51,-0.3224,0.4482,0.3027,58,1,60,0,4,8,9,73,15,3308,5,9,9,8,2,44,8,4,1,0,0,0,0,0,0,0,1,25,1.5556,0,0,0,0,0,3,5,4,8,9,52,0
P2,active,7,52,-1,0.002,-1,43,1,60,0,5,13,13,90,28,11568,4,19,19,13,19,22,10,2,2,1,0,0,0,0,0,0,0,24.017,1.7143,0,0,0,0,0,3,4,2,6,14,47,0
P2,active,8,46,-0.6977,0.3667,-0.4613,58,1,60,0,4,8,12,78,22,3002,5,15,15,10,1,38,11,0,1,0,0,0,0,0,0,0,1,25,1.5714,0,0,0,0,0,4,5,4,8,10,50,3
P2,active,9,60,-0.3284,0.3807,0.3609,57,1,60,0,5,11,12,84,28,4196,5,15,15,11,4,37,10,3,1,0,0,0,0,0,0,0,1,25,1.6667,0,0,0,0,0,5,5,4,7,12,49,0
P2,active,10,60,-0.3285,0.3825,0.361,57,1,60,0,5,11,12,84,28,4188,5,15,15,11,4,37,10,3,1,0,0,0,0,0,0,0,1,25,1.6667,0,0,0,0,0,5,5,4,7,12,49,0
