condition,affect_mode,horizon,seed,affect_appraisals,affect_control_final,affect_control_input_negative,affect_control_input_positive,affect_control_longest_saturation_ticks,affect_control_near_bound_fraction,affect_control_saturation_episodes,affect_control_ticks_to_settle_after_last_push,affect_control_tonic_offset_mean,affect_control_tonic_time_fraction,affect_identical_appraisal_records,affect_min_ticks_between_threat_appraisals,affect_moments_with_several_appraisals,affect_threat_appraisals,affect_tonic_updates,affect_unease_final,affect_unease_input_negative,affect_unease_input_positive,affect_unease_longest_saturation_ticks,affect_unease_near_bound_fraction,affect_unease_saturation_episodes,affect_unease_ticks_to_settle_after_last_push,affect_unease_tonic_offset_mean,affect_unease_tonic_time_fraction,affect_valence_final,affect_valence_input_negative,affect_valence_input_positive,affect_valence_longest_saturation_ticks,affect_valence_near_bound_fraction,affect_valence_saturation_episodes,affect_valence_ticks_to_settle_after_last_push,affect_valence_tonic_offset_mean,affect_valence_tonic_time_fraction,biased_goal_selections,completed,decisions,died,distinct_goals,distinct_routines,distinct_skills,effect_evidence,effect_evidence_admitted,elapsed_ticks,emergencies,experienced_ticks,exploration_bonus_decisions,exploration_changed,exploration_changed_given_opportunity,exploration_changed_without_opportunity,exploration_mean_margin,exploration_mean_tolerance,exploration_multi_candidate,exploration_opportunities,exploration_opportunity_rate,exploration_scored_choices,exploration_selections,exploring_decisions,failures,food_lost,glances,goal_switches,health_lost,hunger_crises,hypotheses_proposed,hypotheses_rejected,investigation_trials,investigations_concluded,investigations_interrupted,investigations_started,kernel_rejections,kernel_replacements,max_abs_affect_bias,mean_decisions_to_recover,priority_changed,priority_changed_given_opportunity,priority_changed_without_opportunity,priority_decisions,priority_mean_abs_contribution,priority_mean_margin,priority_mean_max_swing,priority_multi_candidate,priority_opportunities,priority_opportunity_rate,projects_abandoned,projects_completed,projects_interrupted,projects_resumed,projects_started,repeated_failures,safety_overrides,searches_exhausted,searches_started,setbacks,successes,unrecovered_setbacks
P0,off,short,1,0,0,0,0,0,0,0,0,0,0,0,0,0,0,0,0,0,0,0,0,0,0,0,0,0,0,0,0,0,0,0,0,0,0,1,51,0,6,3,4,54,0,6498,7,5898,0,0,0,0,0,1,0,0,0,0,1,0,7,14,32,9,0,2,0,0,0,0,0,0,0,7,0,4,0,0,0,40,0,117.0588,30.8824,34,0,0,2,0,0,0,2,6,7,6,8,7,44,0
P0,off,short,2,0,0,0,0,0,0,0,0,0,0,0,0,0,0,0,0,0,0,0,0,0,0,0,0,0,0,0,0,0,0,0,0,0,0,1,51,0,6,3,4,54,0,6498,7,5898,0,0,0,0,0,1,0,0,0,0,1,0,7,14,32,9,0,2,0,0,0,0,0,0,0,7,0,4,0,0,0,40,0,117.0588,30.8824,34,0,0,2,0,0,0,2,6,7,6,8,7,44,0
P0,off,short,3,0,0,0,0,0,0,0,0,0,0,0,0,0,0,0,0,0,0,0,0,0,0,0,0,0,0,0,0,0,0,0,0,0,0,1,51,0,6,3,4,54,0,6498,7,5898,0,0,0,0,0,1,0,0,0,0,1,0,7,14,32,9,0,2,0,0,0,0,0,0,0,7,0,4,0,0,0,40,0,117.0588,30.8824,34,0,0,2,0,0,0,2,6,7,6,8,7,44,0
P0,off,short,4,0,0,0,0,0,0,0,0,0,0,0,0,0,0,0,0,0,0,0,0,0,0,0,0,0,0,0,0,0,0,0,0,0,0,1,51,0,6,3,4,54,0,6498,7,5898,0,0,0,0,0,1,0,0,0,0,1,0,7,14,32,9,0,2,0,0,0,0,0,0,0,7,0,4,0,0,0,40,0,117.0588,30.8824,34,0,0,2,0,0,0,2,6,7,6,8,7,44,0
P0,off,short,5,0,0,0,0,0,0,0,0,0,0,0,0,0,0,0,0,0,0,0,0,0,0,0,0,0,0,0,0,0,0,0,0,0,0,1,51,0,6,3,4,54,0,6498,7,5898,0,0,0,0,0,1,0,0,0,0,1,0,7,14,32,9,0,2,0,0,0,0,0,0,0,7,0,4,0,0,0,40,0,117.0588,30.8824,34,0,0,2,0,0,0,2,6,7,6,8,7,44,0
P0,off,medium,1,0,0,0,0,0,0,0,0,0,0,0,0,0,0,0,0,0,0,0,0,0,0,0,0,0,0,0,0,0,0,0,0,0,0,1,81,0,6,3,4,84,0,24498,7,23898,0,0,0,0,0,1,0,0,0,0,1,0,7,16,32,9,0,2,0,0,0,0,0,0,0,7,0,4,0,0,0,40,0,117.0588,30.8824,34,0,0,2,0,0,0,2,6,7,6,8,7,74,0
P0,off,medium,2,0,0,0,0,0,0,0,0,0,0,0,0,0,0,0,0,0,0,0,0,0,0,0,0,0,0,0,0,0,0,0,0,0,0,1,81,0,6,3,4,84,0,24498,7,23898,0,0,0,0,0,1,0,0,0,0,1,0,7,16,32,9,0,2,0,0,0,0,0,0,0,7,0,4,0,0,0,40,0,117.0588,30.8824,34,0,0,2,0,0,0,2,6,7,6,8,7,74,0
P0,off,medium,3,0,0,0,0,0,0,0,0,0,0,0,0,0,0,0,0,0,0,0,0,0,0,0,0,0,0,0,0,0,0,0,0,0,0,1,81,0,6,3,4,84,0,24498,7,23898,0,0,0,0,0,1,0,0,0,0,1,0,7,16,32,9,0,2,0,0,0,0,0,0,0,7,0,4,0,0,0,40,0,117.0588,30.8824,34,0,0,2,0,0,0,2,6,7,6,8,7,74,0
P0,off,medium,4,0,0,0,0,0,0,0,0,0,0,0,0,0,0,0,0,0,0,0,0,0,0,0,0,0,0,0,0,0,0,0,0,0,0,1,81,0,6,3,4,84,0,24498,7,23898,0,0,0,0,0,1,0,0,0,0,1,0,7,16,32,9,0,2,0,0,0,0,0,0,0,7,0,4,0,0,0,40,0,117.0588,30.8824,34,0,0,2,0,0,0,2,6,7,6,8,7,74,0
P0,off,medium,5,0,0,0,0,0,0,0,0,0,0,0,0,0,0,0,0,0,0,0,0,0,0,0,0,0,0,0,0,0,0,0,0,0,0,1,81,0,6,3,4,84,0,24498,7,23898,0,0,0,0,0,1,0,0,0,0,1,0,7,16,32,9,0,2,0,0,0,0,0,0,0,7,0,4,0,0,0,40,0,117.0588,30.8824,34,0,0,2,0,0,0,2,6,7,6,8,7,74,0
P0,off,long,1,0,0,0,0,0,0,0,0,0,0,0,0,0,0,0,0,0,0,0,0,0,0,0,0,0,0,0,0,0,0,0,0,0,0,1,161,0,6,3,4,164,0,72498,7,71898,0,0,0,0,0,1,0,0,0,0,1,0,7,16,32,9,0,2,0,0,0,0,0,0,0,7,0,4,0,0,0,40,0,117.0588,30.8824,34,0,0,2,0,0,0,2,6,7,6,8,7,154,0
P0,off,long,2,0,0,0,0,0,0,0,0,0,0,0,0,0,0,0,0,0,0,0,0,0,0,0,0,0,0,0,0,0,0,0,0,0,0,1,161,0,6,3,4,164,0,72498,7,71898,0,0,0,0,0,1,0,0,0,0,1,0,7,16,32,9,0,2,0,0,0,0,0,0,0,7,0,4,0,0,0,40,0,117.0588,30.8824,34,0,0,2,0,0,0,2,6,7,6,8,7,154,0
P0,off,long,3,0,0,0,0,0,0,0,0,0,0,0,0,0,0,0,0,0,0,0,0,0,0,0,0,0,0,0,0,0,0,0,0,0,0,1,161,0,6,3,4,164,0,72498,7,71898,0,0,0,0,0,1,0,0,0,0,1,0,7,16,32,9,0,2,0,0,0,0,0,0,0,7,0,4,0,0,0,40,0,117.0588,30.8824,34,0,0,2,0,0,0,2,6,7,6,8,7,154,0
P0,off,long,4,0,0,0,0,0,0,0,0,0,0,0,0,0,0,0,0,0,0,0,0,0,0,0,0,0,0,0,0,0,0,0,0,0,0,1,161,0,6,3,4,164,0,72498,7,71898,0,0,0,0,0,1,0,0,0,0,1,0,7,16,32,9,0,2,0,0,0,0,0,0,0,7,0,4,0,0,0,40,0,117.0588,30.8824,34,0,0,2,0,0,0,2,6,7,6,8,7,154,0
P0,off,long,5,0,0,0,0,0,0,0,0,0,0,0,0,0,0,0,0,0,0,0,0,0,0,0,0,0,0,0,0,0,0,0,0,0,0,1,161,0,6,3,4,164,0,72498,7,71898,0,0,0,0,0,1,0,0,0,0,1,0,7,16,32,9,0,2,0,0,0,0,0,0,0,7,0,4,0,0,0,40,0,117.0588,30.8824,34,0,0,2,0,0,0,2,6,7,6,8,7,154,0
A15,active,short,1,25,-0.9006,-1.1494,0.13,1824,0.3093,1,39863,0,0,0,0,4,0,0,0.1204,0,0.35,0,0,0,2133,0,0,-0.7212,-1.24,0.2,0,0,0,18986,0,0,38,1,51,0,6,3,4,54,0,6498,7,5898,0,0,0,0,0,1,0,0,0,0,1,0,7,14,32,9,0,2,0,0,0,0,0,0,0,7,7.928,4,0,0,0,40,3.2944,117.0588,30.8824,34,0,0,2,0,0,0,2,6,7,6,8,7,44,0
A15,active,short,2,25,-0.9006,-1.1494,0.13,1824,0.3093,1,39863,0,0,0,0,4,0,0,0.1204,0,0.35,0,0,0,2133,0,0,-0.7212,-1.24,0.2,0,0,0,18986,0,0,38,1,51,0,6,3,4,54,0,6498,7,5898,0,0,0,0,0,1,0,0,0,0,1,0,7,14,32,9,0,2,0,0,0,0,0,0,0,7,7.928,4,0,0,0,40,3.2944,117.0588,30.8824,34,0,0,2,0,0,0,2,6,7,6,8,7,44,0
A15,active,short,3,25,-0.9006,-1.1494,0.13,1824,0.3093,1,39863,0,0,0,0,4,0,0,0.1204,0,0.35,0,0,0,2133,0,0,-0.7212,-1.24,0.2,0,0,0,18986,0,0,38,1,51,0,6,3,4,54,0,6498,7,5898,0,0,0,0,0,1,0,0,0,0,1,0,7,14,32,9,0,2,0,0,0,0,0,0,0,7,7.928,4,0,0,0,40,3.2944,117.0588,30.8824,34,0,0,2,0,0,0,2,6,7,6,8,7,44,0
A15,active,short,4,25,-0.9006,-1.1494,0.13,1824,0.3093,1,39863,0,0,0,0,4,0,0,0.1204,0,0.35,0,0,0,2133,0,0,-0.7212,-1.24,0.2,0,0,0,18986,0,0,38,1,51,0,6,3,4,54,0,6498,7,5898,0,0,0,0,0,1,0,0,0,0,1,0,7,14,32,9,0,2,0,0,0,0,0,0,0,7,7.928,4,0,0,0,40,3.2944,117.0588,30.8824,34,0,0,2,0,0,0,2,6,7,6,8,7,44,0
A15,active,short,5,25,-0.9006,-1.1494,0.13,1824,0.3093,1,39863,0,0,0,0,4,0,0,0.1204,0,0.35,0,0,0,2133,0,0,-0.7212,-1.24,0.2,0,0,0,18986,0,0,38,1,51,0,6,3,4,54,0,6498,7,5898,0,0,0,0,0,1,0,0,0,0,1,0,7,14,32,9,0,2,0,0,0,0,0,0,0,7,7.928,4,0,0,0,40,3.2944,117.0588,30.8824,34,0,0,2,0,0,0,2,6,7,6,8,7,44,0
A15,active,medium,1,25,-0.3184,-1.1494,0.13,1836,0.0768,1,39863,0,0,0,0,4,0,0,0,0,0.35,0,0,0,2133,0,0,-0.0901,-1.24,0.2,0,0,0,18986,0,0,38,1,81,0,6,3,4,84,0,24498,7,23898,0,0,0,0,0,1,0,0,0,0,1,0,7,16,32,9,0,2,0,0,0,0,0,0,0,7,7.928,4,0,0,0,40,3.2944,117.0588,30.8824,34,0,0,2,0,0,0,2,6,7,6,8,7,74,0
A15,active,medium,2,25,-0.3184,-1.1494,0.13,1836,0.0768,1,39863,0,0,0,0,4,0,0,0,0,0.35,0,0,0,2133,0,0,-0.0901,-1.24,0.2,0,0,0,18986,0,0,38,1,81,0,6,3,4,84,0,24498,7,23898,0,0,0,0,0,1,0,0,0,0,1,0,7,16,32,9,0,2,0,0,0,0,0,0,0,7,7.928,4,0,0,0,40,3.2944,117.0588,30.8824,34,0,0,2,0,0,0,2,6,7,6,8,7,74,0
A15,active,medium,3,25,-0.3184,-1.1494,0.13,1836,0.0768,1,39863,0,0,0,0,4,0,0,0,0,0.35,0,0,0,2133,0,0,-0.0901,-1.24,0.2,0,0,0,18986,0,0,38,1,81,0,6,3,4,84,0,24498,7,23898,0,0,0,0,0,1,0,0,0,0,1,0,7,16,32,9,0,2,0,0,0,0,0,0,0,7,7.928,4,0,0,0,40,3.2944,117.0588,30.8824,34,0,0,2,0,0,0,2,6,7,6,8,7,74,0
A15,active,medium,4,25,-0.3184,-1.1494,0.13,1836,0.0768,1,39863,0,0,0,0,4,0,0,0,0,0.35,0,0,0,2133,0,0,-0.0901,-1.24,0.2,0,0,0,18986,0,0,38,1,81,0,6,3,4,84,0,24498,7,23898,0,0,0,0,0,1,0,0,0,0,1,0,7,16,32,9,0,2,0,0,0,0,0,0,0,7,7.928,4,0,0,0,40,3.2944,117.0588,30.8824,34,0,0,2,0,0,0,2,6,7,6,8,7,74,0
A15,active,medium,5,25,-0.3184,-1.1494,0.13,1836,0.0768,1,39863,0,0,0,0,4,0,0,0,0,0.35,0,0,0,2133,0,0,-0.0901,-1.24,0.2,0,0,0,18986,0,0,38,1,81,0,6,3,4,84,0,24498,7,23898,0,0,0,0,0,1,0,0,0,0,1,0,7,16,32,9,0,2,0,0,0,0,0,0,0,7,7.928,4,0,0,0,40,3.2944,117.0588,30.8824,34,0,0,2,0,0,0,2,6,7,6,8,7,74,0
A15,active,long,1,25,-0.0199,-1.1494,0.13,1836,0.0255,1,39863,0,0,0,0,4,0,0,0,0,0.35,0,0,0,2133,0,0,-0.0004,-1.24,0.2,0,0,0,18986,0,0,38,1,161,0,6,3,4,164,0,72498,7,71898,0,0,0,0,0,1,0,0,0,0,1,0,7,16,32,9,0,2,0,0,0,0,0,0,0,7,7.928,4,0,0,0,40,3.2944,117.0588,30.8824,34,0,0,2,0,0,0,2,6,7,6,8,7,154,0
A15,active,long,2,25,-0.0199,-1.1494,0.13,1836,0.0255,1,39863,0,0,0,0,4,0,0,0,0,0.35,0,0,0,2133,0,0,-0.0004,-1.24,0.2,0,0,0,18986,0,0,38,1,161,0,6,3,4,164,0,72498,7,71898,0,0,0,0,0,1,0,0,0,0,1,0,7,16,32,9,0,2,0,0,0,0,0,0,0,7,7.928,4,0,0,0,40,3.2944,117.0588,30.8824,34,0,0,2,0,0,0,2,6,7,6,8,7,154,0
A15,active,long,3,25,-0.0199,-1.1494,0.13,1836,0.0255,1,39863,0,0,0,0,4,0,0,0,0,0.35,0,0,0,2133,0,0,-0.0004,-1.24,0.2,0,0,0,18986,0,0,38,1,161,0,6,3,4,164,0,72498,7,71898,0,0,0,0,0,1,0,0,0,0,1,0,7,16,32,9,0,2,0,0,0,0,0,0,0,7,7.928,4,0,0,0,40,3.2944,117.0588,30.8824,34,0,0,2,0,0,0,2,6,7,6,8,7,154,0
A15,active,long,4,25,-0.0199,-1.1494,0.13,1836,0.0255,1,39863,0,0,0,0,4,0,0,0,0,0.35,0,0,0,2133,0,0,-0.0004,-1.24,0.2,0,0,0,18986,0,0,38,1,161,0,6,3,4,164,0,72498,7,71898,0,0,0,0,0,1,0,0,0,0,1,0,7,16,32,9,0,2,0,0,0,0,0,0,0,7,7.928,4,0,0,0,40,3.2944,117.0588,30.8824,34,0,0,2,0,0,0,2,6,7,6,8,7,154,0
A15,active,long,5,25,-0.0199,-1.1494,0.13,1836,0.0255,1,39863,0,0,0,0,4,0,0,0,0,0.35,0,0,0,2133,0,0,-0.0004,-1.24,0.2,0,0,0,18986,0,0,38,1,161,0,6,3,4,164,0,72498,7,71898,0,0,0,0,0,1,0,0,0,0,1,0,7,16,32,9,0,2,0,0,0,0,0,0,0,7,7.928,4,0,0,0,40,3.2944,117.0588,30.8824,34,0,0,2,0,0,0,2,6,7,6,8,7,154,0
R2rec,record_only,short,1,17,-0.9013,-1.1352,0.1,1200,0.3072,3,39863,0,0,0,0,0,0,51,0.236,0,0.4,0,0,0,-1,0.0554,1,-0.7851,-1.22,0.15,0,0,0,-1,-0.1291,1,0,1,51,0,6,3,4,54,0,6498,7,5898,0,0,0,0,0,1,0,0,0,0,1,0,7,14,32,9,0,2,0,0,0,0,0,0,0,7,0,4,0,0,0,40,0,117.0588,30.8824,34,0,0,2,0,0,0,2,6,7,6,8,7,44,0
R2rec,record_only,short,2,17,-0.9013,-1.1352,0.1,1200,0.3072,3,39863,0,0,0,0,0,0,51,0.236,0,0.4,0,0,0,-1,0.0554,1,-0.7851,-1.22,0.15,0,0,0,-1,-0.1291,1,0,1,51,0,6,3,4,54,0,6498,7,5898,0,0,0,0,0,1,0,0,0,0,1,0,7,14,32,9,0,2,0,0,0,0,0,0,0,7,0,4,0,0,0,40,0,117.0588,30.8824,34,0,0,2,0,0,0,2,6,7,6,8,7,44,0
R2rec,record_only,short,3,17,-0.9013,-1.1352,0.1,1200,0.3072,3,39863,0,0,0,0,0,0,51,0.236,0,0.4,0,0,0,-1,0.0554,1,-0.7851,-1.22,0.15,0,0,0,-1,-0.1291,1,0,1,51,0,6,3,4,54,0,6498,7,5898,0,0,0,0,0,1,0,0,0,0,1,0,7,14,32,9,0,2,0,0,0,0,0,0,0,7,0,4,0,0,0,40,0,117.0588,30.8824,34,0,0,2,0,0,0,2,6,7,6,8,7,44,0
R2rec,record_only,short,4,17,-0.9013,-1.1352,0.1,1200,0.3072,3,39863,0,0,0,0,0,0,51,0.236,0,0.4,0,0,0,-1,0.0554,1,-0.7851,-1.22,0.15,0,0,0,-1,-0.1291,1,0,1,51,0,6,3,4,54,0,6498,7,5898,0,0,0,0,0,1,0,0,0,0,1,0,7,14,32,9,0,2,0,0,0,0,0,0,0,7,0,4,0,0,0,40,0,117.0588,30.8824,34,0,0,2,0,0,0,2,6,7,6,8,7,44,0
R2rec,record_only,short,5,17,-0.9013,-1.1352,0.1,1200,0.3072,3,39863,0,0,0,0,0,0,51,0.236,0,0.4,0,0,0,-1,0.0554,1,-0.7851,-1.22,0.15,0,0,0,-1,-0.1291,1,0,1,51,0,6,3,4,54,0,6498,7,5898,0,0,0,0,0,1,0,0,0,0,1,0,7,14,32,9,0,2,0,0,0,0,0,0,0,7,0,4,0,0,0,40,0,117.0588,30.8824,34,0,0,2,0,0,0,2,6,7,6,8,7,44,0
R2rec,record_only,medium,1,17,-0.3186,-1.1352,0.1,1200,0.0768,3,39863,0,0,0,0,0,0,81,0.15,0,0.4,0,0,0,-1,0.1252,1,-0.4031,-1.22,0.15,0,0,0,-1,-0.2921,1,0,1,81,0,6,3,4,84,0,24498,7,23898,0,0,0,0,0,1,0,0,0,0,1,0,7,16,32,9,0,2,0,0,0,0,0,0,0,7,0,4,0,0,0,40,0,117.0588,30.8824,34,0,0,2,0,0,0,2,6,7,6,8,7,74,0
R2rec,record_only,medium,2,17,-0.3186,-1.1352,0.1,1200,0.0768,3,39863,0,0,0,0,0,0,81,0.15,0,0.4,0,0,0,-1,0.1252,1,-0.4031,-1.22,0.15,0,0,0,-1,-0.2921,1,0,1,81,0,6,3,4,84,0,24498,7,23898,0,0,0,0,0,1,0,0,0,0,1,0,7,16,32,9,0,2,0,0,0,0,0,0,0,7,0,4,0,0,0,40,0,117.0588,30.8824,34,0,0,2,0,0,0,2,6,7,6,8,7,74,0
R2rec,record_only,medium,3,17,-0.3186,-1.1352,0.1,1200,0.0768,3,39863,0,0,0,0,0,0,81,0.15,0,0.4,0,0,0,-1,0.1252,1,-0.4031,-1.22,0.15,0,0,0,-1,-0.2921,1,0,1,81,0,6,3,4,84,0,24498,7,23898,0,0,0,0,0,1,0,0,0,0,1,0,7,16,32,9,0,2,0,0,0,0,0,0,0,7,0,4,0,0,0,40,0,117.0588,30.8824,34,0,0,2,0,0,0,2,6,7,6,8,7,74,0
R2rec,record_only,medium,4,17,-0.3186,-1.1352,0.1,1200,0.0768,3,39863,0,0,0,0,0,0,81,0.15,0,0.4,0,0,0,-1,0.1252,1,-0.4031,-1.22,0.15,0,0,0,-1,-0.2921,1,0,1,81,0,6,3,4,84,0,24498,7,23898,0,0,0,0,0,1,0,0,0,0,1,0,7,16,32,9,0,2,0,0,0,0,0,0,0,7,0,4,0,0,0,40,0,117.0588,30.8824,34,0,0,2,0,0,0,2,6,7,6,8,7,74,0
R2rec,record_only,medium,5,17,-0.3186,-1.1352,0.1,1200,0.0768,3,39863,0,0,0,0,0,0,81,0.15,0,0.4,0,0,0,-1,0.1252,1,-0.4031,-1.22,0.15,0,0,0,-1,-0.2921,1,0,1,81,0,6,3,4,84,0,24498,7,23898,0,0,0,0,0,1,0,0,0,0,1,0,7,16,32,9,0,2,0,0,0,0,0,0,0,7,0,4,0,0,0,40,0,117.0588,30.8824,34,0,0,2,0,0,0,2,6,7,6,8,7,74,0
R2rec,record_only,long,1,17,-0.0199,-1.1352,0.1,1200,0.0255,3,39863,0,0,0,0,0,0,161,0.15,0,0.4,0,0,0,-1,0.1417,1,-0.3502,-1.22,0.15,0,0,0,-1,-0.3307,1,0,1,161,0,6,3,4,164,0,72498,7,71898,0,0,0,0,0,1,0,0,0,0,1,0,7,16,32,9,0,2,0,0,0,0,0,0,0,7,0,4,0,0,0,40,0,117.0588,30.8824,34,0,0,2,0,0,0,2,6,7,6,8,7,154,0
R2rec,record_only,long,2,17,-0.0199,-1.1352,0.1,1200,0.0255,3,39863,0,0,0,0,0,0,161,0.15,0,0.4,0,0,0,-1,0.1417,1,-0.3502,-1.22,0.15,0,0,0,-1,-0.3307,1,0,1,161,0,6,3,4,164,0,72498,7,71898,0,0,0,0,0,1,0,0,0,0,1,0,7,16,32,9,0,2,0,0,0,0,0,0,0,7,0,4,0,0,0,40,0,117.0588,30.8824,34,0,0,2,0,0,0,2,6,7,6,8,7,154,0
R2rec,record_only,long,3,17,-0.0199,-1.1352,0.1,1200,0.0255,3,39863,0,0,0,0,0,0,161,0.15,0,0.4,0,0,0,-1,0.1417,1,-0.3502,-1.22,0.15,0,0,0,-1,-0.3307,1,0,1,161,0,6,3,4,164,0,72498,7,71898,0,0,0,0,0,1,0,0,0,0,1,0,7,16,32,9,0,2,0,0,0,0,0,0,0,7,0,4,0,0,0,40,0,117.0588,30.8824,34,0,0,2,0,0,0,2,6,7,6,8,7,154,0
R2rec,record_only,long,4,17,-0.0199,-1.1352,0.1,1200,0.0255,3,39863,0,0,0,0,0,0,161,0.15,0,0.4,0,0,0,-1,0.1417,1,-0.3502,-1.22,0.15,0,0,0,-1,-0.3307,1,0,1,161,0,6,3,4,164,0,72498,7,71898,0,0,0,0,0,1,0,0,0,0,1,0,7,16,32,9,0,2,0,0,0,0,0,0,0,7,0,4,0,0,0,40,0,117.0588,30.8824,34,0,0,2,0,0,0,2,6,7,6,8,7,154,0
R2rec,record_only,long,5,17,-0.0199,-1.1352,0.1,1200,0.0255,3,39863,0,0,0,0,0,0,161,0.15,0,0.4,0,0,0,-1,0.1417,1,-0.3502,-1.22,0.15,0,0,0,-1,-0.3307,1,0,1,161,0,6,3,4,164,0,72498,7,71898,0,0,0,0,0,1,0,0,0,0,1,0,7,16,32,9,0,2,0,0,0,0,0,0,0,7,0,4,0,0,0,40,0,117.0588,30.8824,34,0,0,2,0,0,0,2,6,7,6,8,7,154,0
R2act,active,short,1,17,-0.9013,-1.1352,0.1,1200,0.3072,3,39863,0,0,0,0,0,0,51,0.236,0,0.4,0,0,0,-1,0.0554,1,-0.7851,-1.22,0.15,0,0,0,-1,-0.1291,1,38,1,51,0,6,3,4,54,0,6498,7,5898,0,0,0,0,0,1,0,0,0,0,1,0,7,14,32,9,0,2,0,0,0,0,0,0,0,7,9.083,4,0,0,0,40,3.8475,117.0588,30.8824,34,0,0,2,0,0,0,2,6,7,6,8,7,44,0
R2act,active,short,2,17,-0.9013,-1.1352,0.1,1200,0.3072,3,39863,0,0,0,0,0,0,51,0.236,0,0.4,0,0,0,-1,0.0554,1,-0.7851,-1.22,0.15,0,0,0,-1,-0.1291,1,38,1,51,0,6,3,4,54,0,6498,7,5898,0,0,0,0,0,1,0,0,0,0,1,0,7,14,32,9,0,2,0,0,0,0,0,0,0,7,9.083,4,0,0,0,40,3.8475,117.0588,30.8824,34,0,0,2,0,0,0,2,6,7,6,8,7,44,0
R2act,active,short,3,17,-0.9013,-1.1352,0.1,1200,0.3072,3,39863,0,0,0,0,0,0,51,0.236,0,0.4,0,0,0,-1,0.0554,1,-0.7851,-1.22,0.15,0,0,0,-1,-0.1291,1,38,1,51,0,6,3,4,54,0,6498,7,5898,0,0,0,0,0,1,0,0,0,0,1,0,7,14,32,9,0,2,0,0,0,0,0,0,0,7,9.083,4,0,0,0,40,3.8475,117.0588,30.8824,34,0,0,2,0,0,0,2,6,7,6,8,7,44,0
R2act,active,short,4,17,-0.9013,-1.1352,0.1,1200,0.3072,3,39863,0,0,0,0,0,0,51,0.236,0,0.4,0,0,0,-1,0.0554,1,-0.7851,-1.22,0.15,0,0,0,-1,-0.1291,1,38,1,51,0,6,3,4,54,0,6498,7,5898,0,0,0,0,0,1,0,0,0,0,1,0,7,14,32,9,0,2,0,0,0,0,0,0,0,7,9.083,4,0,0,0,40,3.8475,117.0588,30.8824,34,0,0,2,0,0,0,2,6,7,6,8,7,44,0
R2act,active,short,5,17,-0.9013,-1.1352,0.1,1200,0.3072,3,39863,0,0,0,0,0,0,51,0.236,0,0.4,0,0,0,-1,0.0554,1,-0.7851,-1.22,0.15,0,0,0,-1,-0.1291,1,38,1,51,0,6,3,4,54,0,6498,7,5898,0,0,0,0,0,1,0,0,0,0,1,0,7,14,32,9,0,2,0,0,0,0,0,0,0,7,9.083,4,0,0,0,40,3.8475,117.0588,30.8824,34,0,0,2,0,0,0,2,6,7,6,8,7,44,0
R2act,active,medium,1,17,-0.3186,-1.1352,0.1,1200,0.0768,3,39863,0,0,0,0,0,0,81,0.15,0,0.4,0,0,0,-1,0.1252,1,-0.4031,-1.22,0.15,0,0,0,-1,-0.2921,1,38,1,81,0,6,3,4,84,0,24498,7,23898,0,0,0,0,0,1,0,0,0,0,1,0,7,16,32,9,0,2,0,0,0,0,0,0,0,7,9.083,4,0,0,0,40,3.8475,117.0588,30.8824,34,0,0,2,0,0,0,2,6,7,6,8,7,74,0
R2act,active,medium,2,17,-0.3186,-1.1352,0.1,1200,0.0768,3,39863,0,0,0,0,0,0,81,0.15,0,0.4,0,0,0,-1,0.1252,1,-0.4031,-1.22,0.15,0,0,0,-1,-0.2921,1,38,1,81,0,6,3,4,84,0,24498,7,23898,0,0,0,0,0,1,0,0,0,0,1,0,7,16,32,9,0,2,0,0,0,0,0,0,0,7,9.083,4,0,0,0,40,3.8475,117.0588,30.8824,34,0,0,2,0,0,0,2,6,7,6,8,7,74,0
R2act,active,medium,3,17,-0.3186,-1.1352,0.1,1200,0.0768,3,39863,0,0,0,0,0,0,81,0.15,0,0.4,0,0,0,-1,0.1252,1,-0.4031,-1.22,0.15,0,0,0,-1,-0.2921,1,38,1,81,0,6,3,4,84,0,24498,7,23898,0,0,0,0,0,1,0,0,0,0,1,0,7,16,32,9,0,2,0,0,0,0,0,0,0,7,9.083,4,0,0,0,40,3.8475,117.0588,30.8824,34,0,0,2,0,0,0,2,6,7,6,8,7,74,0
R2act,active,medium,4,17,-0.3186,-1.1352,0.1,1200,0.0768,3,39863,0,0,0,0,0,0,81,0.15,0,0.4,0,0,0,-1,0.1252,1,-0.4031,-1.22,0.15,0,0,0,-1,-0.2921,1,38,1,81,0,6,3,4,84,0,24498,7,23898,0,0,0,0,0,1,0,0,0,0,1,0,7,16,32,9,0,2,0,0,0,0,0,0,0,7,9.083,4,0,0,0,40,3.8475,117.0588,30.8824,34,0,0,2,0,0,0,2,6,7,6,8,7,74,0
R2act,active,medium,5,17,-0.3186,-1.1352,0.1,1200,0.0768,3,39863,0,0,0,0,0,0,81,0.15,0,0.4,0,0,0,-1,0.1252,1,-0.4031,-1.22,0.15,0,0,0,-1,-0.2921,1,38,1,81,0,6,3,4,84,0,24498,7,23898,0,0,0,0,0,1,0,0,0,0,1,0,7,16,32,9,0,2,0,0,0,0,0,0,0,7,9.083,4,0,0,0,40,3.8475,117.0588,30.8824,34,0,0,2,0,0,0,2,6,7,6,8,7,74,0
R2act,active,long,1,17,-0.0199,-1.1352,0.1,1200,0.0255,3,39863,0,0,0,0,0,0,161,0.15,0,0.4,0,0,0,-1,0.1417,1,-0.3502,-1.22,0.15,0,0,0,-1,-0.3307,1,38,1,161,0,6,3,4,164,0,72498,7,71898,0,0,0,0,0,1,0,0,0,0,1,0,7,16,32,9,0,2,0,0,0,0,0,0,0,7,9.083,4,0,0,0,40,3.8475,117.0588,30.8824,34,0,0,2,0,0,0,2,6,7,6,8,7,154,0
R2act,active,long,2,17,-0.0199,-1.1352,0.1,1200,0.0255,3,39863,0,0,0,0,0,0,161,0.15,0,0.4,0,0,0,-1,0.1417,1,-0.3502,-1.22,0.15,0,0,0,-1,-0.3307,1,38,1,161,0,6,3,4,164,0,72498,7,71898,0,0,0,0,0,1,0,0,0,0,1,0,7,16,32,9,0,2,0,0,0,0,0,0,0,7,9.083,4,0,0,0,40,3.8475,117.0588,30.8824,34,0,0,2,0,0,0,2,6,7,6,8,7,154,0
R2act,active,long,3,17,-0.0199,-1.1352,0.1,1200,0.0255,3,39863,0,0,0,0,0,0,161,0.15,0,0.4,0,0,0,-1,0.1417,1,-0.3502,-1.22,0.15,0,0,0,-1,-0.3307,1,38,1,161,0,6,3,4,164,0,72498,7,71898,0,0,0,0,0,1,0,0,0,0,1,0,7,16,32,9,0,2,0,0,0,0,0,0,0,7,9.083,4,0,0,0,40,3.8475,117.0588,30.8824,34,0,0,2,0,0,0,2,6,7,6,8,7,154,0
R2act,active,long,4,17,-0.0199,-1.1352,0.1,1200,0.0255,3,39863,0,0,0,0,0,0,161,0.15,0,0.4,0,0,0,-1,0.1417,1,-0.3502,-1.22,0.15,0,0,0,-1,-0.3307,1,38,1,161,0,6,3,4,164,0,72498,7,71898,0,0,0,0,0,1,0,0,0,0,1,0,7,16,32,9,0,2,0,0,0,0,0,0,0,7,9.083,4,0,0,0,40,3.8475,117.0588,30.8824,34,0,0,2,0,0,0,2,6,7,6,8,7,154,0
R2act,active,long,5,17,-0.0199,-1.1352,0.1,1200,0.0255,3,39863,0,0,0,0,0,0,161,0.15,0,0.4,0,0,0,-1,0.1417,1,-0.3502,-1.22,0.15,0,0,0,-1,-0.3307,1,38,1,161,0,6,3,4,164,0,72498,7,71898,0,0,0,0,0,1,0,0,0,0,1,0,7,16,32,9,0,2,0,0,0,0,0,0,0,7,9.083,4,0,0,0,40,3.8475,117.0588,30.8824,34,0,0,2,0,0,0,2,6,7,6,8,7,154,0
