condition,affect_mode,horizon,seed,affect_appraisals,affect_control_final,affect_control_input_negative,affect_control_input_positive,affect_control_longest_saturation_ticks,affect_control_near_bound_fraction,affect_control_saturation_episodes,affect_control_ticks_to_settle_after_last_push,affect_identical_appraisal_records,affect_min_ticks_between_threat_appraisals,affect_moments_with_several_appraisals,affect_threat_appraisals,affect_unease_final,affect_unease_input_negative,affect_unease_input_positive,affect_unease_longest_saturation_ticks,affect_unease_near_bound_fraction,affect_unease_saturation_episodes,affect_unease_ticks_to_settle_after_last_push,affect_valence_final,affect_valence_input_negative,affect_valence_input_positive,affect_valence_longest_saturation_ticks,affect_valence_near_bound_fraction,affect_valence_saturation_episodes,affect_valence_ticks_to_settle_after_last_push,biased_goal_selections,completed,decisions,died,distinct_goals,distinct_routines,distinct_skills,effect_evidence,effect_evidence_admitted,elapsed_ticks,emergencies,experienced_ticks,exploration_bonus_decisions,exploration_changed,exploration_changed_given_opportunity,exploration_changed_without_opportunity,exploration_mean_margin,exploration_mean_tolerance,exploration_multi_candidate,exploration_opportunities,exploration_opportunity_rate,exploration_scored_choices,exploration_selections,exploring_decisions,failures,food_lost,glances,goal_switches,health_lost,hunger_crises,hypotheses_proposed,hypotheses_rejected,investigation_trials,investigations_concluded,investigations_interrupted,investigations_started,kernel_rejections,kernel_replacements,max_abs_affect_bias,mean_decisions_to_recover,priority_changed,priority_changed_given_opportunity,priority_changed_without_opportunity,priority_decisions,priority_mean_abs_contribution,priority_mean_margin,priority_mean_max_swing,priority_multi_candidate,priority_opportunities,priority_opportunity_rate,projects_abandoned,projects_completed,projects_interrupted,projects_resumed,projects_started,repeated_failures,safety_overrides,searches_exhausted,searches_started,setbacks,successes,unrecovered_setbacks
P0,off,short,1,0,0,0,0,0,0,0,0,0,0,0,0,0,0,0,0,0,0,0,0,0,0,0,0,0,0,0,1,85,0,5,7,8,177,0,6070,0,5470,0,0,0,0,0,1,0,0,0,0,59,0,3,10,20,61,0,3,0,0,0,0,0,0,0,0,0,2,0,0,0,85,0,61.2941,41.7647,85,27,0.3176,1,1,27,26,2,2,0,3,5,3,82,0
P0,off,short,2,0,0,0,0,0,0,0,0,0,0,0,0,0,0,0,0,0,0,0,0,0,0,0,0,0,0,0,1,85,0,5,7,8,177,0,6070,0,5470,0,0,0,0,0,1,0,0,0,0,59,0,3,10,20,61,0,3,0,0,0,0,0,0,0,0,0,2,0,0,0,85,0,61.2941,41.7647,85,27,0.3176,1,1,27,26,2,2,0,3,5,3,82,0
P0,off,short,3,0,0,0,0,0,0,0,0,0,0,0,0,0,0,0,0,0,0,0,0,0,0,0,0,0,0,0,1,85,0,5,7,8,177,0,6070,0,5470,0,0,0,0,0,1,0,0,0,0,59,0,3,10,20,61,0,3,0,0,0,0,0,0,0,0,0,2,0,0,0,85,0,61.2941,41.7647,85,27,0.3176,1,1,27,26,2,2,0,3,5,3,82,0
P0,off,short,4,0,0,0,0,0,0,0,0,0,0,0,0,0,0,0,0,0,0,0,0,0,0,0,0,0,0,0,1,85,0,5,7,8,177,0,6070,0,5470,0,0,0,0,0,1,0,0,0,0,59,0,3,10,20,61,0,3,0,0,0,0,0,0,0,0,0,2,0,0,0,85,0,61.2941,41.7647,85,27,0.3176,1,1,27,26,2,2,0,3,5,3,82,0
P0,off,short,5,0,0,0,0,0,0,0,0,0,0,0,0,0,0,0,0,0,0,0,0,0,0,0,0,0,0,0,1,85,0,5,7,8,177,0,6070,0,5470,0,0,0,0,0,1,0,0,0,0,59,0,3,10,20,61,0,3,0,0,0,0,0,0,0,0,0,2,0,0,0,85,0,61.2941,41.7647,85,27,0.3176,1,1,27,26,2,2,0,3,5,3,82,0
P0,off,medium,1,0,0,0,0,0,0,0,0,0,0,0,0,0,0,0,0,0,0,0,0,0,0,0,0,0,0,0,1,121,0,6,8,9,213,0,24084,0,23484,0,0,0,0,0,1,0,0,0,0,63,0,6,20,22,62,0,3,0,0,0,0,0,0,0,0,0,2,0,0,0,92,0,62.9545,42.0455,88,27,0.2935,1,1,27,26,2,4,0,4,6,6,115,0
P0,off,medium,2,0,0,0,0,0,0,0,0,0,0,0,0,0,0,0,0,0,0,0,0,0,0,0,0,0,0,0,1,121,0,6,8,9,213,0,24084,0,23484,0,0,0,0,0,1,0,0,0,0,63,0,6,20,22,62,0,3,0,0,0,0,0,0,0,0,0,2,0,0,0,92,0,62.9545,42.0455,88,27,0.2935,1,1,27,26,2,4,0,4,6,6,115,0
P0,off,medium,3,0,0,0,0,0,0,0,0,0,0,0,0,0,0,0,0,0,0,0,0,0,0,0,0,0,0,0,1,121,0,6,8,9,213,0,24084,0,23484,0,0,0,0,0,1,0,0,0,0,63,0,6,20,22,62,0,3,0,0,0,0,0,0,0,0,0,2,0,0,0,92,0,62.9545,42.0455,88,27,0.2935,1,1,27,26,2,4,0,4,6,6,115,0
P0,off,medium,4,0,0,0,0,0,0,0,0,0,0,0,0,0,0,0,0,0,0,0,0,0,0,0,0,0,0,0,1,121,0,6,8,9,213,0,24084,0,23484,0,0,0,0,0,1,0,0,0,0,63,0,6,20,22,62,0,3,0,0,0,0,0,0,0,0,0,2,0,0,0,92,0,62.9545,42.0455,88,27,0.2935,1,1,27,26,2,4,0,4,6,6,115,0
P0,off,medium,5,0,0,0,0,0,0,0,0,0,0,0,0,0,0,0,0,0,0,0,0,0,0,0,0,0,0,0,1,121,0,6,8,9,213,0,24084,0,23484,0,0,0,0,0,1,0,0,0,0,63,0,6,20,22,62,0,3,0,0,0,0,0,0,0,0,0,2,0,0,0,92,0,62.9545,42.0455,88,27,0.2935,1,1,27,26,2,4,0,4,6,6,115,0
P0,off,long,1,0,0,0,0,0,0,0,0,0,0,0,0,0,0,0,0,0,0,0,0,0,0,0,0,0,0,0,1,201,0,6,8,9,293,0,72084,0,71484,0,0,0,0,0,1,0,0,0,0,63,0,6,20,22,62,0,3,0,0,0,0,0,0,0,0,0,2,0,0,0,92,0,62.9545,42.0455,88,27,0.2935,1,1,27,26,2,4,0,4,6,6,195,0
P0,off,long,2,0,0,0,0,0,0,0,0,0,0,0,0,0,0,0,0,0,0,0,0,0,0,0,0,0,0,0,1,201,0,6,8,9,293,0,72084,0,71484,0,0,0,0,0,1,0,0,0,0,63,0,6,20,22,62,0,3,0,0,0,0,0,0,0,0,0,2,0,0,0,92,0,62.9545,42.0455,88,27,0.2935,1,1,27,26,2,4,0,4,6,6,195,0
P0,off,long,3,0,0,0,0,0,0,0,0,0,0,0,0,0,0,0,0,0,0,0,0,0,0,0,0,0,0,0,1,201,0,6,8,9,293,0,72084,0,71484,0,0,0,0,0,1,0,0,0,0,63,0,6,20,22,62,0,3,0,0,0,0,0,0,0,0,0,2,0,0,0,92,0,62.9545,42.0455,88,27,0.2935,1,1,27,26,2,4,0,4,6,6,195,0
P0,off,long,4,0,0,0,0,0,0,0,0,0,0,0,0,0,0,0,0,0,0,0,0,0,0,0,0,0,0,0,1,201,0,6,8,9,293,0,72084,0,71484,0,0,0,0,0,1,0,0,0,0,63,0,6,20,22,62,0,3,0,0,0,0,0,0,0,0,0,2,0,0,0,92,0,62.9545,42.0455,88,27,0.2935,1,1,27,26,2,4,0,4,6,6,195,0
P0,off,long,5,0,0,0,0,0,0,0,0,0,0,0,0,0,0,0,0,0,0,0,0,0,0,0,0,0,0,0,1,201,0,6,8,9,293,0,72084,0,71484,0,0,0,0,0,1,0,0,0,0,63,0,6,20,22,62,0,3,0,0,0,0,0,0,0,0,0,2,0,0,0,92,0,62.9545,42.0455,88,27,0.2935,1,1,27,26,2,4,0,4,6,6,195,0
P1,record_only,short,1,169,0.6663,-0.47,1.4159,3448,0.6561,2,34074,0,0,60,0,0,0,0,0,0,0,0,0.4141,-0.81,1.7856,3640,0.7513,2,13540,0,1,85,0,5,7,8,177,0,6070,0,5470,0,0,0,0,0,1,0,0,0,0,59,0,3,10,20,61,0,3,0,0,0,0,0,0,0,0,0,2,0,0,0,85,0,61.2941,41.7647,85,27,0.3176,1,1,27,26,2,2,0,3,5,3,82,0
P1,record_only,short,2,169,0.6663,-0.47,1.4159,3448,0.6561,2,34074,0,0,60,0,0,0,0,0,0,0,0,0.4141,-0.81,1.7856,3640,0.7513,2,13540,0,1,85,0,5,7,8,177,0,6070,0,5470,0,0,0,0,0,1,0,0,0,0,59,0,3,10,20,61,0,3,0,0,0,0,0,0,0,0,0,2,0,0,0,85,0,61.2941,41.7647,85,27,0.3176,1,1,27,26,2,2,0,3,5,3,82,0
P1,record_only,short,3,169,0.6663,-0.47,1.4159,3448,0.6561,2,34074,0,0,60,0,0,0,0,0,0,0,0,0.4141,-0.81,1.7856,3640,0.7513,2,13540,0,1,85,0,5,7,8,177,0,6070,0,5470,0,0,0,0,0,1,0,0,0,0,59,0,3,10,20,61,0,3,0,0,0,0,0,0,0,0,0,2,0,0,0,85,0,61.2941,41.7647,85,27,0.3176,1,1,27,26,2,2,0,3,5,3,82,0
P1,record_only,short,4,169,0.6663,-0.47,1.4159,3448,0.6561,2,34074,0,0,60,0,0,0,0,0,0,0,0,0.4141,-0.81,1.7856,3640,0.7513,2,13540,0,1,85,0,5,7,8,177,0,6070,0,5470,0,0,0,0,0,1,0,0,0,0,59,0,3,10,20,61,0,3,0,0,0,0,0,0,0,0,0,2,0,0,0,85,0,61.2941,41.7647,85,27,0.3176,1,1,27,26,2,2,0,3,5,3,82,0
P1,record_only,short,5,169,0.6663,-0.47,1.4159,3448,0.6561,2,34074,0,0,60,0,0,0,0,0,0,0,0,0.4141,-0.81,1.7856,3640,0.7513,2,13540,0,1,85,0,5,7,8,177,0,6070,0,5470,0,0,0,0,0,1,0,0,0,0,59,0,3,10,20,61,0,3,0,0,0,0,0,0,0,0,0,2,0,0,0,85,0,61.2941,41.7647,85,27,0.3176,1,1,27,26,2,2,0,3,5,3,82,0
P1,record_only,medium,1,177,0.1072,-0.86,1.4659,3448,0.1528,2,18014,0,0,62,0,0,0,0,0,0,0,0,-0.0244,-1.4,1.8356,3640,0.175,2,4583,0,1,121,0,6,8,9,213,0,24084,0,23484,0,0,0,0,0,1,0,0,0,0,63,0,6,20,22,62,0,3,0,0,0,0,0,0,0,0,0,2,0,0,0,92,0,62.9545,42.0455,88,27,0.2935,1,1,27,26,2,4,0,4,6,6,115,0
P1,record_only,medium,2,177,0.1072,-0.86,1.4659,3448,0.1528,2,18014,0,0,62,0,0,0,0,0,0,0,0,-0.0244,-1.4,1.8356,3640,0.175,2,4583,0,1,121,0,6,8,9,213,0,24084,0,23484,0,0,0,0,0,1,0,0,0,0,63,0,6,20,22,62,0,3,0,0,0,0,0,0,0,0,0,2,0,0,0,92,0,62.9545,42.0455,88,27,0.2935,1,1,27,26,2,4,0,4,6,6,115,0
P1,record_only,medium,3,177,0.1072,-0.86,1.4659,3448,0.1528,2,18014,0,0,62,0,0,0,0,0,0,0,0,-0.0244,-1.4,1.8356,3640,0.175,2,4583,0,1,121,0,6,8,9,213,0,24084,0,23484,0,0,0,0,0,1,0,0,0,0,63,0,6,20,22,62,0,3,0,0,0,0,0,0,0,0,0,2,0,0,0,92,0,62.9545,42.0455,88,27,0.2935,1,1,27,26,2,4,0,4,6,6,115,0
P1,record_only,medium,4,177,0.1072,-0.86,1.4659,3448,0.1528,2,18014,0,0,62,0,0,0,0,0,0,0,0,-0.0244,-1.4,1.8356,3640,0.175,2,4583,0,1,121,0,6,8,9,213,0,24084,0,23484,0,0,0,0,0,1,0,0,0,0,63,0,6,20,22,62,0,3,0,0,0,0,0,0,0,0,0,2,0,0,0,92,0,62.9545,42.0455,88,27,0.2935,1,1,27,26,2,4,0,4,6,6,115,0
P1,record_only,medium,5,177,0.1072,-0.86,1.4659,3448,0.1528,2,18014,0,0,62,0,0,0,0,0,0,0,0,-0.0244,-1.4,1.8356,3640,0.175,2,4583,0,1,121,0,6,8,9,213,0,24084,0,23484,0,0,0,0,0,1,0,0,0,0,63,0,6,20,22,62,0,3,0,0,0,0,0,0,0,0,0,2,0,0,0,92,0,62.9545,42.0455,88,27,0.2935,1,1,27,26,2,4,0,4,6,6,115,0
P1,record_only,long,1,177,0.0067,-0.86,1.4659,3448,0.0502,2,18014,0,0,62,0,0,0,0,0,0,0,0,-0.0001,-1.4,1.8356,3640,0.0575,2,4583,0,1,201,0,6,8,9,293,0,72084,0,71484,0,0,0,0,0,1,0,0,0,0,63,0,6,20,22,62,0,3,0,0,0,0,0,0,0,0,0,2,0,0,0,92,0,62.9545,42.0455,88,27,0.2935,1,1,27,26,2,4,0,4,6,6,195,0
P1,record_only,long,2,177,0.0067,-0.86,1.4659,3448,0.0502,2,18014,0,0,62,0,0,0,0,0,0,0,0,-0.0001,-1.4,1.8356,3640,0.0575,2,4583,0,1,201,0,6,8,9,293,0,72084,0,71484,0,0,0,0,0,1,0,0,0,0,63,0,6,20,22,62,0,3,0,0,0,0,0,0,0,0,0,2,0,0,0,92,0,62.9545,42.0455,88,27,0.2935,1,1,27,26,2,4,0,4,6,6,195,0
P1,record_only,long,3,177,0.0067,-0.86,1.4659,3448,0.0502,2,18014,0,0,62,0,0,0,0,0,0,0,0,-0.0001,-1.4,1.8356,3640,0.0575,2,4583,0,1,201,0,6,8,9,293,0,72084,0,71484,0,0,0,0,0,1,0,0,0,0,63,0,6,20,22,62,0,3,0,0,0,0,0,0,0,0,0,2,0,0,0,92,0,62.9545,42.0455,88,27,0.2935,1,1,27,26,2,4,0,4,6,6,195,0
P1,record_only,long,4,177,0.0067,-0.86,1.4659,3448,0.0502,2,18014,0,0,62,0,0,0,0,0,0,0,0,-0.0001,-1.4,1.8356,3640,0.0575,2,4583,0,1,201,0,6,8,9,293,0,72084,0,71484,0,0,0,0,0,1,0,0,0,0,63,0,6,20,22,62,0,3,0,0,0,0,0,0,0,0,0,2,0,0,0,92,0,62.9545,42.0455,88,27,0.2935,1,1,27,26,2,4,0,4,6,6,195,0
P1,record_only,long,5,177,0.0067,-0.86,1.4659,3448,0.0502,2,18014,0,0,62,0,0,0,0,0,0,0,0,-0.0001,-1.4,1.8356,3640,0.0575,2,4583,0,1,201,0,6,8,9,293,0,72084,0,71484,0,0,0,0,0,1,0,0,0,0,63,0,6,20,22,62,0,3,0,0,0,0,0,0,0,0,0,2,0,0,0,92,0,62.9545,42.0455,88,27,0.2935,1,1,27,26,2,4,0,4,6,6,195,0
P2,active,short,1,150,0.4116,-0.81,1.4842,2728,0.5631,2,26324,0,0,52,0,0,0,0,0,0,0,0,0.1209,-1.25,1.8771,2872,0.5609,2,3474,76,1,79,0,6,8,9,156,0,6556,0,5956,0,0,0,0,0,1.2165,0,0,0,0,54,0,6,11,18,53,0,3,0,0,0,0,0,0,0,0,24.988,1.6667,9,0.9,0,77,13.3696,85.0685,17.8082,73,10,0.1299,1,1,23,22,2,3,0,3,3,6,73,0
P2,active,short,2,150,0.4116,-0.81,1.4842,2728,0.5631,2,26324,0,0,52,0,0,0,0,0,0,0,0,0.1209,-1.25,1.8771,2872,0.5609,2,3474,76,1,79,0,6,8,9,156,0,6556,0,5956,0,0,0,0,0,1.2165,0,0,0,0,54,0,6,11,18,53,0,3,0,0,0,0,0,0,0,0,24.988,1.6667,9,0.9,0,77,13.3696,85.0685,17.8082,73,10,0.1299,1,1,23,22,2,3,0,3,3,6,73,0
P2,active,short,3,150,0.4116,-0.81,1.4842,2728,0.5631,2,26324,0,0,52,0,0,0,0,0,0,0,0,0.1209,-1.25,1.8771,2872,0.5609,2,3474,76,1,79,0,6,8,9,156,0,6556,0,5956,0,0,0,0,0,1.2165,0,0,0,0,54,0,6,11,18,53,0,3,0,0,0,0,0,0,0,0,24.988,1.6667,9,0.9,0,77,13.3696,85.0685,17.8082,73,10,0.1299,1,1,23,22,2,3,0,3,3,6,73,0
P2,active,short,4,150,0.4116,-0.81,1.4842,2728,0.5631,2,26324,0,0,52,0,0,0,0,0,0,0,0,0.1209,-1.25,1.8771,2872,0.5609,2,3474,76,1,79,0,6,8,9,156,0,6556,0,5956,0,0,0,0,0,1.2165,0,0,0,0,54,0,6,11,18,53,0,3,0,0,0,0,0,0,0,0,24.988,1.6667,9,0.9,0,77,13.3696,85.0685,17.8082,73,10,0.1299,1,1,23,22,2,3,0,3,3,6,73,0
P2,active,short,5,150,0.4116,-0.81,1.4842,2728,0.5631,2,26324,0,0,52,0,0,0,0,0,0,0,0,0.1209,-1.25,1.8771,2872,0.5609,2,3474,76,1,79,0,6,8,9,156,0,6556,0,5956,0,0,0,0,0,1.2165,0,0,0,0,54,0,6,11,18,53,0,3,0,0,0,0,0,0,0,0,24.988,1.6667,9,0.9,0,77,13.3696,85.0685,17.8082,73,10,0.1299,1,1,23,22,2,3,0,3,3,6,73,0
P2,active,medium,1,150,0.1455,-0.81,1.4842,2728,0.14,2,26324,0,0,52,0,0,0,0,0,0,0,0,0.0151,-1.25,1.8771,2872,0.1394,2,3474,76,1,109,0,6,8,9,186,0,24556,0,23956,0,0,0,0,0,1.2165,0,0,0,0,54,0,6,20,18,53,0,3,0,0,0,0,0,0,0,0,24.988,1.6667,9,0.9,0,77,13.3696,85.0685,17.8082,73,10,0.1299,1,1,23,22,2,3,0,3,3,6,103,0
P2,active,medium,2,150,0.1455,-0.81,1.4842,2728,0.14,2,26324,0,0,52,0,0,0,0,0,0,0,0,0.0151,-1.25,1.8771,2872,0.1394,2,3474,76,1,109,0,6,8,9,186,0,24556,0,23956,0,0,0,0,0,1.2165,0,0,0,0,54,0,6,20,18,53,0,3,0,0,0,0,0,0,0,0,24.988,1.6667,9,0.9,0,77,13.3696,85.0685,17.8082,73,10,0.1299,1,1,23,22,2,3,0,3,3,6,103,0
P2,active,medium,3,150,0.1455,-0.81,1.4842,2728,0.14,2,26324,0,0,52,0,0,0,0,0,0,0,0,0.0151,-1.25,1.8771,2872,0.1394,2,3474,76,1,109,0,6,8,9,186,0,24556,0,23956,0,0,0,0,0,1.2165,0,0,0,0,54,0,6,20,18,53,0,3,0,0,0,0,0,0,0,0,24.988,1.6667,9,0.9,0,77,13.3696,85.0685,17.8082,73,10,0.1299,1,1,23,22,2,3,0,3,3,6,103,0
P2,active,medium,4,150,0.1455,-0.81,1.4842,2728,0.14,2,26324,0,0,52,0,0,0,0,0,0,0,0,0.0151,-1.25,1.8771,2872,0.1394,2,3474,76,1,109,0,6,8,9,186,0,24556,0,23956,0,0,0,0,0,1.2165,0,0,0,0,54,0,6,20,18,53,0,3,0,0,0,0,0,0,0,0,24.988,1.6667,9,0.9,0,77,13.3696,85.0685,17.8082,73,10,0.1299,1,1,23,22,2,3,0,3,3,6,103,0
P2,active,medium,5,150,0.1455,-0.81,1.4842,2728,0.14,2,26324,0,0,52,0,0,0,0,0,0,0,0,0.0151,-1.25,1.8771,2872,0.1394,2,3474,76,1,109,0,6,8,9,186,0,24556,0,23956,0,0,0,0,0,1.2165,0,0,0,0,54,0,6,20,18,53,0,3,0,0,0,0,0,0,0,0,24.988,1.6667,9,0.9,0,77,13.3696,85.0685,17.8082,73,10,0.1299,1,1,23,22,2,3,0,3,3,6,103,0
P2,active,long,1,150,0.0091,-0.81,1.4842,2728,0.0466,2,26324,0,0,52,0,0,0,0,0,0,0,0,0.0001,-1.25,1.8771,2872,0.0464,2,3474,76,1,189,0,6,8,9,266,0,72556,0,71956,0,0,0,0,0,1.2165,0,0,0,0,54,0,6,20,18,53,0,3,0,0,0,0,0,0,0,0,24.988,1.6667,9,0.9,0,77,13.3696,85.0685,17.8082,73,10,0.1299,1,1,23,22,2,3,0,3,3,6,183,0
P2,active,long,2,150,0.0091,-0.81,1.4842,2728,0.0466,2,26324,0,0,52,0,0,0,0,0,0,0,0,0.0001,-1.25,1.8771,2872,0.0464,2,3474,76,1,189,0,6,8,9,266,0,72556,0,71956,0,0,0,0,0,1.2165,0,0,0,0,54,0,6,20,18,53,0,3,0,0,0,0,0,0,0,0,24.988,1.6667,9,0.9,0,77,13.3696,85.0685,17.8082,73,10,0.1299,1,1,23,22,2,3,0,3,3,6,183,0
P2,active,long,3,150,0.0091,-0.81,1.4842,2728,0.0466,2,26324,0,0,52,0,0,0,0,0,0,0,0,0.0001,-1.25,1.8771,2872,0.0464,2,3474,76,1,189,0,6,8,9,266,0,72556,0,71956,0,0,0,0,0,1.2165,0,0,0,0,54,0,6,20,18,53,0,3,0,0,0,0,0,0,0,0,24.988,1.6667,9,0.9,0,77,13.3696,85.0685,17.8082,73,10,0.1299,1,1,23,22,2,3,0,3,3,6,183,0
P2,active,long,4,150,0.0091,-0.81,1.4842,2728,0.0466,2,26324,0,0,52,0,0,0,0,0,0,0,0,0.0001,-1.25,1.8771,2872,0.0464,2,3474,76,1,189,0,6,8,9,266,0,72556,0,71956,0,0,0,0,0,1.2165,0,0,0,0,54,0,6,20,18,53,0,3,0,0,0,0,0,0,0,0,24.988,1.6667,9,0.9,0,77,13.3696,85.0685,17.8082,73,10,0.1299,1,1,23,22,2,3,0,3,3,6,183,0
P2,active,long,5,150,0.0091,-0.81,1.4842,2728,0.0466,2,26324,0,0,52,0,0,0,0,0,0,0,0,0.0001,-1.25,1.8771,2872,0.0464,2,3474,76,1,189,0,6,8,9,266,0,72556,0,71956,0,0,0,0,0,1.2165,0,0,0,0,54,0,6,20,18,53,0,3,0,0,0,0,0,0,0,0,24.988,1.6667,9,0.9,0,77,13.3696,85.0685,17.8082,73,10,0.1299,1,1,23,22,2,3,0,3,3,6,183,0
